{"end": 1521247892.699808, "i": 0, "start": 1521247891.634453, "length": 30494, "func": "request_func", "parallel": "multiprocess"}
{"end": 1521247892.462379, "i": 1, "start": 1521247891.635436, "length": 46486, "func": "request_func", "parallel": "multiprocess"}
{"end": 1521247892.46232, "i": 2, "start": 1521247891.635967, "length": 59687, "func": "request_func", "parallel": "multiprocess"}
{"end": 1521247892.793196, "i": 3, "start": 1521247892.462462, "length": 111382, "func": "request_func", "parallel": "multiprocess"}
{"end": 1521247893.102374, "i": 4, "start": 1521247892.462513, "length": 42180, "func": "request_func", "parallel": "multiprocess"}
{"end": 1521247893.102906, "i": 5, "start": 1521247892.699891, "length": 80616, "func": "request_func", "parallel": "multiprocess"}
{"end": 1521247893.306269, "i": 6, "start": 1521247892.793255, "length": 45034, "func": "request_func", "parallel": "multiprocess"}
{"end": 1521247893.489122, "i": 7, "start": 1521247893.102433, "length": 54162, "func": "request_func", "parallel": "multiprocess"}
{"end": 1521247893.574727, "i": 8, "start": 1521247893.102958, "length": 33040, "func": "request_func", "parallel": "multiprocess"}
{"end": 1521247894.18148, "i": 9, "start": 1521247893.306338, "length": 30763, "func": "request_func", "parallel": "multiprocess"}
{"end": 1521247894.707667, "i": 0, "start": 1521247894.18204, "length": 58473, "func": "request_func", "parallel": "serial"}
{"end": 1521247895.425128, "i": 1, "start": 1521247894.70767, "length": 51707, "func": "request_func", "parallel": "serial"}
{"end": 1521247896.245035, "i": 2, "start": 1521247895.425133, "length": 44689, "func": "request_func", "parallel": "serial"}
{"end": 1521247896.908189, "i": 3, "start": 1521247896.245039, "length": 24050, "func": "request_func", "parallel": "serial"}
{"end": 1521247897.516944, "i": 4, "start": 1521247896.908193, "length": 31440, "func": "request_func", "parallel": "serial"}
{"end": 1521247897.894602, "i": 5, "start": 1521247897.516948, "length": 42375, "func": "request_func", "parallel": "serial"}
{"end": 1521247898.344857, "i": 6, "start": 1521247897.894606, "length": 81467, "func": "request_func", "parallel": "serial"}
{"end": 1521247898.939649, "i": 7, "start": 1521247898.344862, "length": 44872, "func": "request_func", "parallel": "serial"}
{"end": 1521247899.630374, "i": 8, "start": 1521247898.939653, "length": 73480, "func": "request_func", "parallel": "serial"}
{"end": 1521247900.231114, "i": 9, "start": 1521247899.630378, "length": 34064, "func": "request_func", "parallel": "serial"}
{"end": 1521247901.044923, "i": 0, "start": 1521247900.232902, "length": 51920, "func": "request_func", "parallel": "multithread"}
{"end": 1521247901.04383, "i": 1, "start": 1521247900.233385, "length": 48939, "func": "request_func", "parallel": "multithread"}
{"end": 1521247901.279491, "i": 2, "start": 1521247900.234357, "length": 33010, "func": "request_func", "parallel": "multithread"}
{"end": 1521247901.631215, "i": 3, "start": 1521247901.043865, "length": 41341, "func": "request_func", "parallel": "multithread"}
{"end": 1521247901.632124, "i": 4, "start": 1521247901.044957, "length": 47927, "func": "request_func", "parallel": "multithread"}
{"end": 1521247901.796757, "i": 5, "start": 1521247901.282665, "length": 69370, "func": "request_func", "parallel": "multithread"}
{"end": 1521247902.343243, "i": 6, "start": 1521247901.631338, "length": 46674, "func": "request_func", "parallel": "multithread"}
{"end": 1521247902.551551, "i": 7, "start": 1521247901.63219, "length": 25609, "func": "request_func", "parallel": "multithread"}
{"end": 1521247902.729531, "i": 8, "start": 1521247901.796787, "length": 47893, "func": "request_func", "parallel": "multithread"}
{"end": 1521247902.914259, "i": 9, "start": 1521247902.343284, "length": 37024, "func": "request_func", "parallel": "multithread"}
{"end": 1521247906.428566, "i": 0, "start": 1521247902.921372, "length": 95590, "func": "selenium_func", "parallel": "multiprocess"}
{"end": 1521247906.108314, "i": 1, "start": 1521247902.92223, "length": 57988, "func": "selenium_func", "parallel": "multiprocess"}
{"end": 1521247906.867088, "i": 2, "start": 1521247902.923254, "length": 158334, "func": "selenium_func", "parallel": "multiprocess"}
{"end": 1521247909.074856, "i": 3, "start": 1521247906.108453, "length": 43106, "func": "selenium_func", "parallel": "multiprocess"}
{"end": 1521247909.742029, "i": 4, "start": 1521247906.42871, "length": 92738, "func": "selenium_func", "parallel": "multiprocess"}
{"end": 1521247910.230619, "i": 5, "start": 1521247906.867241, "length": 58919, "func": "selenium_func", "parallel": "multiprocess"}
{"end": 1521247911.253718, "i": 6, "start": 1521247909.074987, "length": 54811, "func": "selenium_func", "parallel": "multiprocess"}
{"end": 1521247912.935904, "i": 7, "start": 1521247909.742156, "length": 514945, "func": "selenium_func", "parallel": "multiprocess"}
{"end": 1521247913.46332, "i": 8, "start": 1521247910.230732, "length": 128230, "func": "selenium_func", "parallel": "multiprocess"}
{"end": 1521247914.501625, "i": 9, "start": 1521247911.253818, "length": 72673, "func": "selenium_func", "parallel": "multiprocess"}
{"end": 1521247916.717298, "i": 0, "start": 1521247914.50224, "length": 81283, "func": "selenium_func", "parallel": "serial"}
{"end": 1521247919.113402, "i": 1, "start": 1521247916.717312, "length": 72332, "func": "selenium_func", "parallel": "serial"}
{"end": 1521247921.203274, "i": 2, "start": 1521247919.113416, "length": 53965, "func": "selenium_func", "parallel": "serial"}
{"end": 1521247923.498935, "i": 3, "start": 1521247921.203289, "length": 119259, "func": "selenium_func", "parallel": "serial"}
{"end": 1521247925.523913, "i": 4, "start": 1521247923.498944, "length": 51271, "func": "selenium_func", "parallel": "serial"}
{"end": 1521247927.751917, "i": 5, "start": 1521247925.523932, "length": 99920, "func": "selenium_func", "parallel": "serial"}
{"end": 1521247929.848385, "i": 6, "start": 1521247927.751934, "length": 122468, "func": "selenium_func", "parallel": "serial"}
{"end": 1521247932.025098, "i": 7, "start": 1521247929.848397, "length": 37393, "func": "selenium_func", "parallel": "serial"}
{"end": 1521247934.413148, "i": 8, "start": 1521247932.025117, "length": 373635, "func": "selenium_func", "parallel": "serial"}
{"end": 1521247937.512064, "i": 9, "start": 1521247934.413162, "length": 28077, "func": "selenium_func", "parallel": "serial"}
{"end": 1521247940.971406, "i": 0, "start": 1521247937.600421, "length": 39549, "func": "selenium_func", "parallel": "multithread"}
{"end": 1521247941.167587, "i": 1, "start": 1521247937.600612, "length": 72388, "func": "selenium_func", "parallel": "multithread"}
{"end": 1521247941.229508, "i": 2, "start": 1521247937.600871, "length": 151447, "func": "selenium_func", "parallel": "multithread"}
{"end": 1521247944.250579, "i": 3, "start": 1521247940.971525, "length": 33587, "func": "selenium_func", "parallel": "multithread"}
{"end": 1521247944.458535, "i": 4, "start": 1521247941.167718, "length": 111486, "func": "selenium_func", "parallel": "multithread"}
{"end": 1521247944.5616, "i": 5, "start": 1521247941.229665, "length": 30254, "func": "selenium_func", "parallel": "multithread"}
{"end": 1521247947.489876, "i": 6, "start": 1521247944.250681, "length": 113589, "func": "selenium_func", "parallel": "multithread"}
{"end": 1521247947.560444, "i": 7, "start": 1521247944.458653, "length": 60497, "func": "selenium_func", "parallel": "multithread"}
{"end": 1521247947.590568, "i": 8, "start": 1521247944.561737, "length": 85351, "func": "selenium_func", "parallel": "multithread"}
{"end": 1521247950.323586, "i": 9, "start": 1521247947.489956, "length": 87320, "func": "selenium_func", "parallel": "multithread"}
